"","pCO2","meanCR","sdCR","seCR","n","Type"
"1","500 μatm",3.67294258589145,1.15379633259221,0.384598777530737,9,"ply"
"2","800 μatm",3.2092303365813,1.37817222227026,0.459390740756752,9,"ply"
"3","500 μatm",3.10453892415308,1.27940426707925,0.426468089026418,9,"chaet"
"4","800 μatm",2.52272342948371,1.47121897710979,0.490406325703263,9,"chaet"
"5","500 μatm",1.9916194359231,0.620018247896749,0.206672749298916,9,"seston"
"6","800 μatm",1.05954892541566,0.494970532458234,0.164990177486078,9,"seston"
