"","Age_DPF","model","ShapiroWilk","ResidNorm","Variance","HomogVar","DF.num","DF.denom","Tstat","P_val","SigDif","NA"
"1",457,"Welchs T test, equal variance","0.218763169263822; 0.274501280265685","YES",0.848683332162765,"YES","10","NA",0.859665604111996,0.205054345576799,"NO",NA
"2",218,"Welchs T test, equal variance","0.943919952433348; 0.684721721529226","YES",0.400847841322429,"YES","14","NA",-0.242711897856424,0.594125814964095,"NO",NA
"3",423,"Wilcoxon rank sum exact test","0.565223575657691; 0.0346011695983667","NO",0.808378094287428,"YES","NA","NA",23,0.835664335664336,"NO",NA
