"","Age_DPF","model","ShapiroWilk","ResidNorm","Variance","HomogVar","DF.num","DF.denom","Tstat","P_val","SigDif","NA"
"1","167","Welchs T test, equal variance","0.802561831452707; 0.314218791524617","YES",0.0566571996593406,"YES",6,"NA",-5.30520272544691,0.999089631424737,"NO",NA
"2","190","Welchs T test, equal variance","0.317992429742042; 0.446846061579826","YES",0.134646143285134,"YES",9,"NA",-2.97790273950934,0.992248869346629,"NO",NA
"3","222","Welchs T test, non-equal variance","0.523001842302651; 0.929393879599886","YES",0.0171943374652321,"NO",5.23697397441224,"NA",-2.44974875782053,0.972138054703891,"NO",NA
