"","Age_DPF","model","ShapiroWilk","ResidNorm","Variance","HomogVar","DF.num","DF.denom","Tstat","P_val","SigDif","NA"
"1",167,"Welchs T test, equal variance","0.55604701556613; 0.343966000912366","YES",0.866876709402682,"YES",11,"NA",0.177336659758588,0.43123360284407,"NO",NA
"2",190,"Welchs T test, equal variance","0.690666020996191; 0.773497019847514","YES",0.372168470403576,"YES",11,"NA",3.49254124023126,0.00251799011594458,"YES",NA
"3",222,"Welchs T test, equal variance","0.652340355188917; 0.994835598326444","YES",0.55603160473795,"YES",11,"NA",2.35300167853835,0.0191419699200076,"YES",NA
