"","pCO2","Fed_Unfed","meanCR","sdCR","seCR","n","Type"
"1","500 μatm","fed",6.50708164619819,7.33242113963085,3.66621056981543,4,"ply"
"2","800 μatm","fed",6.80335638456223,5.42885151457373,1.63686031967215,11,"ply"
"3","500 μatm","fed",6.27646159182693,6.496446276979,1.45264954875005,20,"chaet"
"4","800 μatm","fed",6.37734967912488,8.41928936169451,1.93151744758176,19,"chaet"
"5","500 μatm","fed",5.21969339529965,3.93536699111677,1.18655779289857,11,"seston"
"6","800 μatm","fed",3.8298775360198,4.53983359020051,1.25912329165705,13,"seston"
