"","pCO2","meanCR","sdCR","seCR","n","Type"
"1","500 μatm",41.2971316752147,19.7275247480176,6.97473326267434,8,"ply"
"2","800 μatm",41.8681398264881,37.234026663465,11.7744330715989,10,"ply"
"3","500 μatm",13.0254439088434,3.82717608031789,1.35311107959387,8,"chaet"
"4","800 μatm",18.403350119132,13.6362360370399,4.31215645887143,10,"chaet"
"5","500 μatm",7.57247496751043,3.01887971672772,1.06733515964235,8,"seston"
"6","800 μatm",11.7860745407356,5.90744948744401,1.969149829148,9,"seston"
