"","pCO2","meanCR","sdCR","seCR","n","Type"
"1","500 μatm",4.38443132416709,2.50947378146532,1.0244883812471,6,"ply"
"2","800 μatm",4.85010312064707,2.30961444724918,0.730364217013823,10,"ply"
"3","500 μatm",2.79852768837528,1.55245091633698,0.468081563175744,11,"chaet"
"4","800 μatm",4.7151044951081,2.76056819133859,0.796907394192827,12,"chaet"
"5","500 μatm",2.54008121173896,1.28886142072252,0.388606339936452,11,"seston"
"6","800 μatm",3.58980723079815,2.22993628995242,0.643727158639873,12,"seston"
